Characteristic,Overall,Low_risk_profile,Elevated_risk_profile
n,2728,2128,600
"Age, mean (SD)",28.0 (6.6),27.6 (6.5),29.5 (6.5)
"Female, %",51.0,48.6,59.7
"Non-Hispanic White, %",31.3,31.7,29.7
"Non-Hispanic Black, %",25.0,25.0,25.0
"Mexican American, %",14.8,13.8,18.5
"Non-Hispanic Asian, %",12.1,12.8,9.7
"PHQ-9 total, mean (SD)",3.4 (4.2),3.0 (3.9),4.5 (4.8)
"PHQ-9 ≥ 10, %",9.2,7.7,14.8
"Self-reported hypertension, %",12.1,7.5,28.3
"Self-reported high cholesterol, %",10.6,5.5,28.7
"Doctor-reported overweight, %",33.7,19.1,85.3
"Family history, premature MI, %",8.6,7.2,13.3
"Family history, diabetes, %",34.6,30.7,48.3
"Insufficient sleep (<7 h), %",23.7,23.3,25.3
"Household smoker, %",35.6,36.3,33.0
